{
    "roc_auc": 0.9573087880780189,
    "f1": 0.8502732240437159,
    "precision": 0.7409523809523809,
    "recall": 0.9974358974358974,
    "loss": 0.7852245022044857,
    "accuracy": 0.780448717948718
}